"V1","V2","V3","V4","V5","V6","V7","V8","V9","V10","V11","V12","V13","V14","V15","V16","V17","V18","V19","V20"
"mineral water","barbecue sauce","","","","","","","","","","","","","","","","","",""
"spaghetti","chocolate","brownies","white wine","green tea","","","","","","","","","","","","","","",""
"spaghetti","champagne","","","","","","","","","","","","","","","","","",""
"frozen vegetables","spaghetti","mineral water","milk","black tea","french wine","cider","chutney","salmon","","","","","","","","","","",""
"avocado","cider","cake","french fries","melons","","","","","","","","","","","","","","",""
"tomatoes","spaghetti","mineral water","meatballs","milk","chicken","rice","frozen smoothie","shampoo","tomato juice","cauliflower","candy bars","","","","","","","",""
"mineral water","chocolate","","","","","","","","","","","","","","","","","",""
"burger sauce","oil","","","","","","","","","","","","","","","","","",""
"eggs","","","","","","","","","","","","","","","","","","",""
"green tea","","","","","","","","","","","","","","","","","","",""
"meatballs","french wine","","","","","","","","","","","","","","","","","",""
"cake","french fries","hot dogs","sparkling water","","","","","","","","","","","","","","","",""
"soup","eggs","","","","","","","","","","","","","","","","","",""
"chicken","eggs","","","","","","","","","","","","","","","","","",""
"burgers","grated cheese","ground beef","spaghetti","mineral water","chocolate","milk","olive oil","almonds","soda","chicken","green tea","","","","","","","",""
"green tea","","","","","","","","","","","","","","","","","","",""
"turkey","mineral water","whole wheat rice","body spray","energy drink","green tea","","","","","","","","","","","","","",""
"herb & pepper","tomatoes","pepper","mineral water","cooking oil","french fries","frozen smoothie","fresh bread","","","","","","","","","","","",""
"milk","","","","","","","","","","","","","","","","","","",""
"muffins","honey","","","","","","","","","","","","","","","","","",""
"eggs","cookies","","","","","","","","","","","","","","","","","",""
"shrimp","tomatoes","spaghetti","","","","","","","","","","","","","","","","",""
"nonfat milk","","","","","","","","","","","","","","","","","","",""
"tomatoes","spaghetti","","","","","","","","","","","","","","","","","",""
"eggs","champagne","","","","","","","","","","","","","","","","","",""
"herb & pepper","cooking oil","escalope","zucchini","","","","","","","","","","","","","","","",""
"champagne","cookies","green tea","","","","","","","","","","","","","","","","",""
"spaghetti","muffins","","","","","","","","","","","","","","","","","",""
"green tea","","","","","","","","","","","","","","","","","","",""
"shrimp","black tea","eggs","cake","","","","","","","","","","","","","","","",""
"turkey","eggs","","","","","","","","","","","","","","","","","",""
"herb & pepper","mineral water","soup","milk","french wine","pancakes","eggs","honey","oil","champagne","magazines","mayonnaise","","","","","","","",""
"chutney","eggs","body spray","","","","","","","","","","","","","","","","",""
"spaghetti","chocolate","olive oil","fromage blanc","","","","","","","","","","","","","","","",""
"escalope","","","","","","","","","","","","","","","","","","",""
"parmesan cheese","french fries","","","","","","","","","","","","","","","","","",""
"escalope","","","","","","","","","","","","","","","","","","",""
"shrimp","tomatoes","chocolate","eggs","oil","french fries","escalope","mushroom cream sauce","sandwich","","","","","","","","","","",""
"eggs","","","","","","","","","","","","","","","","","","",""
"frozen vegetables","fresh bread","","","","","","","","","","","","","","","","","",""
"ground beef","mineral water","milk","eggs","","","","","","","","","","","","","","","",""
"burgers","ham","whole wheat pasta","pepper","spaghetti","black tea","french wine","chicken","bacon","vegetables mix","pancakes","eggs","barbecue sauce","eggplant","green tea","","","","",""
"mineral water","","","","","","","","","","","","","","","","","","",""
"french fries","","","","","","","","","","","","","","","","","","",""
"whole wheat pasta","spaghetti","mineral water","almonds","cooking oil","chocolate","mint","","","","","","","","","","","","",""
"pickles","spaghetti","salmon","escalope","","","","","","","","","","","","","","","",""
"green beans","low fat yogurt","","","","","","","","","","","","","","","","","",""
"spaghetti","","","","","","","","","","","","","","","","","","",""
"tomatoes","flax seed","chicken","green tea","chocolate","cottage cheese","","","","","","","","","","","","","",""
"burgers","chocolate","escalope","","","","","","","","","","","","","","","","",""
"hot dogs","","","","","","","","","","","","","","","","","","",""
"cake","french fries","energy drink","","","","","","","","","","","","","","","","",""
"hot dogs","","","","","","","","","","","","","","","","","","",""
"french fries","","","","","","","","","","","","","","","","","","",""
"frozen vegetables","white wine","","","","","","","","","","","","","","","","","",""
"burgers","spaghetti","chicken","pancakes","french fries","","","","","","","","","","","","","","",""
"herb & pepper","tomatoes","ground beef","eggs","cooking oil","","","","","","","","","","","","","","",""
"burgers","ground beef","","","","","","","","","","","","","","","","","",""
"cookies","","","","","","","","","","","","","","","","","","",""
"chocolate","shrimp","pasta","ground beef","","","","","","","","","","","","","","","",""
"grated cheese","shrimp","mineral water","soup","milk","escalope","white wine","","","","","","","","","","","","",""
"herb & pepper","","","","","","","","","","","","","","","","","","",""
"muffins","","","","","","","","","","","","","","","","","","",""
"butter","eggs","","","","","","","","","","","","","","","","","",""
"eggs","cake","gums","","","","","","","","","","","","","","","","",""
"dessert wine","chocolate","spaghetti","salmon","cooking oil","protein bar","hand protein bar","","","","","","","","","","","","",""
"whole wheat rice","chicken","tomato juice","","","","","","","","","","","","","","","","",""
"turkey","herb & pepper","parmesan cheese","ground beef","eggs","french fries","cottage cheese","","","","","","","","","","","","",""
"frozen vegetables","tomatoes","butter","chicken","cereals","green tea","cottage cheese","pancakes","tomato juice","","","","","","","","","","",""
"energy bar","","","","","","","","","","","","","","","","","","",""
"french wine","french fries","","","","","","","","","","","","","","","","","",""
"turkey","french fries","","","","","","","","","","","","","","","","","",""
"eggs","whole wheat rice","chocolate","","","","","","","","","","","","","","","","",""
"shrimp","chocolate","mushroom cream sauce","candy bars","","","","","","","","","","","","","","","",""
"chocolate","french fries","","","","","","","","","","","","","","","","","",""
"mineral water","soup","muffins","pet food","eggplant","low fat yogurt","","","","","","","","","","","","","",""
"tomatoes","milk","almonds","","","","","","","","","","","","","","","","",""
"frozen vegetables","spaghetti","cookies","","","","","","","","","","","","","","","","",""
"burgers","frozen vegetables","spaghetti","energy bar","fromage blanc","eggs","french fries","strawberries","","","","","","","","","","","",""
"shrimp","pasta","chicken","chocolate bread","","","","","","","","","","","","","","","",""
"frozen vegetables","ground beef","almonds","fromage blanc","cooking oil","chocolate","french fries","champagne","","","","","","","","","","","",""
"chocolate","","","","","","","","","","","","","","","","","","",""
"turkey","frozen vegetables","ground beef","spaghetti","soup","olive oil","shallot","","","","","","","","","","","","",""
"grated cheese","mineral water","butter","low fat yogurt","","","","","","","","","","","","","","","",""
"cooking oil","carrots","green tea","escalope","gluten free bar","","","","","","","","","","","","","","",""
"chocolate","salmon","french fries","cookies","tomato juice","","","","","","","","","","","","","","",""
"pancakes","","","","","","","","","","","","","","","","","","",""
"french fries","light mayo","","","","","","","","","","","","","","","","","",""
"ground beef","pepper","milk","olive oil","butter","bug spray","green tea","chocolate","escalope","","","","","","","","","","",""
"escalope","","","","","","","","","","","","","","","","","","",""
"cookies","","","","","","","","","","","","","","","","","","",""
"cookies","","","","","","","","","","","","","","","","","","",""
"mineral water","chocolate","soup","","","","","","","","","","","","","","","","",""
"spaghetti","mineral water","soup","cider","chutney","eggs","whole wheat rice","pet food","green tea","","","","","","","","","","",""
"eggs","escalope","","","","","","","","","","","","","","","","","",""
"pepper","pancakes","french fries","tomato juice","","","","","","","","","","","","","","","",""
"yogurt cake","","","","","","","","","","","","","","","","","","",""
"muffins","cereals","strawberries","","","","","","","","","","","","","","","","",""
"vegetables mix","cereals","green tea","","","","","","","","","","","","","","","","",""
"burgers","spaghetti","mineral water","soup","french wine","french fries","light mayo","low fat yogurt","","","","","","","","","","","",""
"mineral water","chicken","green tea","","","","","","","","","","","","","","","","",""
"pet food","","","","","","","","","","","","","","","","","","",""
"cookies","","","","","","","","","","","","","","","","","","",""
"spaghetti","eggs","","","","","","","","","","","","","","","","","",""
"burgers","frozen vegetables","tomatoes","strong cheese","muffins","eggs","french fries","yogurt cake","light mayo","green tea","","","","","","","","","",""
"grated cheese","ground beef","cake","escalope","","","","","","","","","","","","","","","",""
"fresh tuna","chocolate","shrimp","whole wheat pasta","pepper","mineral water","soup","milk","salmon","","","","","","","","","","",""
"mineral water","cereals","antioxydant juice","green tea","french fries","champagne","pancakes","","","","","","","","","","","","",""
"eggs","cake","","","","","","","","","","","","","","","","","",""
"cookies","","","","","","","","","","","","","","","","","","",""
"grated cheese","ground beef","chocolate","french fries","","","","","","","","","","","","","","","",""
"whole wheat rice","french fries","frozen smoothie","escalope","","","","","","","","","","","","","","","",""
"grated cheese","frozen vegetables","brownies","low fat yogurt","","","","","","","","","","","","","","","",""
"mineral water","nonfat milk","cake","","","","","","","","","","","","","","","","",""
"spaghetti","mineral water","avocado","strawberries","","","","","","","","","","","","","","","",""
"pepper","spaghetti","mineral water","milk","pancakes","cake","white wine","green tea","","","","","","","","","","","",""
"ham","grated cheese","frozen vegetables","mineral water","soup","eggs","cereals","chocolate","french fries","","","","","","","","","","",""
"mineral water","soup","eggs","cake","rice","cooking oil","","","","","","","","","","","","","",""
"burgers","tomatoes","mineral water","eggs","french fries","strawberries","green tea","","","","","","","","","","","","",""
"tomatoes","mineral water","olive oil","","","","","","","","","","","","","","","","",""
"ham","tomatoes","avocado","fromage blanc","pancakes","eggs","honey","whole wheat rice","cake","gums","light mayo","","","","","","","","",""
"yogurt cake","honey","","","","","","","","","","","","","","","","","",""
"escalope","","","","","","","","","","","","","","","","","","",""
"grated cheese","spaghetti","mineral water","chicken","nonfat milk","eggs","cake","","","","","","","","","","","","",""
"red wine","tomatoes","ground beef","spaghetti","mineral water","olive oil","chicken","whole wheat rice","chili","chocolate bread","","","","","","","","","",""
"mineral water","","","","","","","","","","","","","","","","","","",""
"whole wheat pasta","mineral water","chocolate","pancakes","body spray","","","","","","","","","","","","","","",""
"turkey","eggs","frozen smoothie","","","","","","","","","","","","","","","","",""
"butter","","","","","","","","","","","","","","","","","","",""
"escalope","","","","","","","","","","","","","","","","","","",""
"chocolate","green tea","","","","","","","","","","","","","","","","","",""
"frozen vegetables","mineral water","almonds","bacon","eggs","barbecue sauce","","","","","","","","","","","","","",""
"tomato sauce","yams","","","","","","","","","","","","","","","","","",""
"whole wheat rice","chocolate","french fries","cookies","","","","","","","","","","","","","","","",""
"french wine","bug spray","green beans","","","","","","","","","","","","","","","","",""
"burgers","mineral water","almonds","eggs","whole wheat rice","escalope","","","","","","","","","","","","","",""
"grated cheese","mineral water","avocado","salmon","chocolate","asparagus","","","","","","","","","","","","","",""
"spaghetti","meatballs","chocolate","escalope","","","","","","","","","","","","","","","",""
"milk","chicken","extra dark chocolate","frozen smoothie","low fat yogurt","","","","","","","","","","","","","","",""
"ground beef","mineral water","eggs","yogurt cake","","","","","","","","","","","","","","","",""
"herb & pepper","mineral water","chocolate","milk","salmon","pancakes","eggs","green tea","escalope","","","","","","","","","","",""
"french fries","","","","","","","","","","","","","","","","","","",""
"avocado","butter","low fat yogurt","green tea","","","","","","","","","","","","","","","",""
"soup","melons","salad","","","","","","","","","","","","","","","","",""
"shrimp","","","","","","","","","","","","","","","","","","",""
"chocolate","shrimp","cereals","champagne","green tea","","","","","","","","","","","","","","",""
"mineral water","chocolate","cereals","","","","","","","","","","","","","","","","",""
"chicken","french fries","escalope","","","","","","","","","","","","","","","","",""
"burgers","black tea","eggs","whole wheat rice","","","","","","","","","","","","","","","",""
"cake","french fries","","","","","","","","","","","","","","","","","",""
"frozen vegetables","spaghetti","milk","cider","french fries","","","","","","","","","","","","","","",""
"mineral water","eggs","protein bar","fresh bread","low fat yogurt","","","","","","","","","","","","","","",""
"turkey","burgers","frozen vegetables","ground beef","mineral water","almonds","salmon","barbecue sauce","carrots","hot dogs","","","","","","","","","",""
"red wine","black tea","honey","cake","","","","","","","","","","","","","","","",""
"cookies","","","","","","","","","","","","","","","","","","",""
"escalope","green tea","","","","","","","","","","","","","","","","","",""
"turkey","burgers","grated cheese","tomatoes","pepper","mineral water","pancakes","whole wheat rice","tomato juice","low fat yogurt","honey","","","","","","","","",""
"pepper","","","","","","","","","","","","","","","","","","",""
"butter","","","","","","","","","","","","","","","","","","",""
"shrimp","spaghetti","butter","eggs","light cream","","","","","","","","","","","","","","",""
"mineral water","pancakes","magazines","","","","","","","","","","","","","","","","",""
"turkey","red wine","frozen vegetables","ground beef","pancakes","pet food","protein bar","","","","","","","","","","","","",""
"almonds","eggs","","","","","","","","","","","","","","","","","",""
"spaghetti","mineral water","cooking oil","escalope","","","","","","","","","","","","","","","",""
"eggs","whole wheat rice","","","","","","","","","","","","","","","","","",""
"cookies","strawberries","","","","","","","","","","","","","","","","","",""
"chili","babies food","","","","","","","","","","","","","","","","","",""
"burgers","frozen vegetables","flax seed","french fries","yogurt cake","","","","","","","","","","","","","","",""
"vegetables mix","escalope","","","","","","","","","","","","","","","","","",""
"frozen vegetables","eggs","chocolate","","","","","","","","","","","","","","","","",""
"spaghetti","almonds","french wine","eggs","cake","","","","","","","","","","","","","","",""
"mineral water","eggs","pancakes","","","","","","","","","","","","","","","","",""
"champagne","","","","","","","","","","","","","","","","","","",""
"milk","chocolate","","","","","","","","","","","","","","","","","",""
"grated cheese","herb & pepper","ground beef","spaghetti","butter","cider","bacon","pancakes","soda","napkins","low fat yogurt","green tea","","","","","","","",""
"protein bar","","","","","","","","","","","","","","","","","","",""
"cooking oil","","","","","","","","","","","","","","","","","","",""
"butter","chocolate","","","","","","","","","","","","","","","","","",""
"pancakes","","","","","","","","","","","","","","","","","","",""
"turkey","cooking oil","low fat yogurt","green tea","","","","","","","","","","","","","","","",""
"yams","mineral water","cake","chocolate","french fries","champagne","strawberries","energy drink","tomato juice","mint","green tea","","","","","","","","",""
"burgers","parmesan cheese","chocolate","soup","milk","olive oil","energy bar","butter","almonds","fromage blanc","eggs","cake","pancakes","","","","","","",""
"soup","","","","","","","","","","","","","","","","","","",""
"frozen vegetables","almonds","pancakes","soda","","","","","","","","","","","","","","","",""
"mineral water","muffins","","","","","","","","","","","","","","","","","",""
"burgers","mineral water","","","","","","","","","","","","","","","","","",""
"chocolate","spaghetti","olive oil","almonds","salmon","vegetables mix","frozen smoothie","cottage cheese","yogurt cake","","","","","","","","","","",""
"ground beef","pepper","spaghetti","milk","vegetables mix","burger sauce","green beans","french fries","hot dogs","fresh bread","","","","","","","","","",""
"bramble","","","","","","","","","","","","","","","","","","",""
"shallot","","","","","","","","","","","","","","","","","","",""
"chocolate","mineral water","corn","cottage cheese","green tea","","","","","","","","","","","","","","",""
"chocolate","grated cheese","mineral water","salmon","whole wheat rice","burger sauce","escalope","mushroom cream sauce","low fat yogurt","","","","","","","","","","",""
"dessert wine","mineral water","milk","flax seed","strong cheese","honey","","","","","","","","","","","","","",""
"cookies","","","","","","","","","","","","","","","","","","",""
"tomatoes","butter","gums","cooking oil","chocolate","body spray","green tea","","","","","","","","","","","","",""
"fresh tuna","red wine","spaghetti","mineral water","soup","bacon","pancakes","eggs","cooking oil","","","","","","","","","","",""
"clothes accessories","","","","","","","","","","","","","","","","","","",""
"fromage blanc","ketchup","melons","","","","","","","","","","","","","","","","",""
"frozen vegetables","ground beef","mineral water","honey","green tea","","","","","","","","","","","","","","",""
"strawberries","fresh bread","","","","","","","","","","","","","","","","","",""
"cookies","","","","","","","","","","","","","","","","","","",""
"vegetables mix","eggs","escalope","","","","","","","","","","","","","","","","",""
"fresh tuna","herb & pepper","spaghetti","low fat yogurt","","","","","","","","","","","","","","","",""
"green tea","","","","","","","","","","","","","","","","","","",""
"red wine","ground beef","spaghetti","mineral water","eggs","soda","cooking oil","zucchini","","","","","","","","","","","",""
"frozen vegetables","milk","almonds","whole wheat rice","cooking oil","chocolate","french fries","light mayo","low fat yogurt","","","","","","","","","","",""
"spaghetti","mineral water","","","","","","","","","","","","","","","","","",""
"ground beef","spaghetti","mineral water","milk","cottage cheese","low fat yogurt","","","","","","","","","","","","","",""
"frozen vegetables","avocado","milk","tomato juice","","","","","","","","","","","","","","","",""
"cookies","","","","","","","","","","","","","","","","","","",""
"herb & pepper","chicken","cookies","","","","","","","","","","","","","","","","",""
"ground beef","","","","","","","","","","","","","","","","","","",""
"rice","chocolate bread","body spray","gluten free bar","fresh bread","","","","","","","","","","","","","","",""
"mineral water","eggplant","french fries","escalope","tomato juice","toothpaste","","","","","","","","","","","","","",""
"herb & pepper","spaghetti","brownies","mint","","","","","","","","","","","","","","","",""
"green tea","french fries","","","","","","","","","","","","","","","","","",""
"whole weat flour","","","","","","","","","","","","","","","","","","",""
"grated cheese","herb & pepper","whole wheat pasta","yams","mineral water","bacon","nonfat milk","spinach","","","","","","","","","","","",""
"burgers","mineral water","salmon","vegetables mix","pancakes","eggs","frozen smoothie","body spray","","","","","","","","","","","",""
"frozen vegetables","honey","corn","pet food","","","","","","","","","","","","","","","",""
"tomatoes","mineral water","soup","olive oil","bug spray","","","","","","","","","","","","","","",""
"fresh tuna","shrimp","ground beef","olive oil","cookies","fresh bread","","","","","","","","","","","","","",""
"low fat yogurt","","","","","","","","","","","","","","","","","","",""
"ground beef","soup","bacon","pancakes","cooking oil","barbecue sauce","green tea","","","","","","","","","","","","",""
"eggs","french fries","","","","","","","","","","","","","","","","","",""
"cake","barbecue sauce","escalope","","","","","","","","","","","","","","","","",""
"antioxydant juice","french fries","champagne","","","","","","","","","","","","","","","","",""
"turkey","","","","","","","","","","","","","","","","","","",""
"french fries","","","","","","","","","","","","","","","","","","",""
"olive oil","light mayo","","","","","","","","","","","","","","","","","",""
"fromage blanc","escalope","pasta","mushroom cream sauce","","","","","","","","","","","","","","","",""
"champagne","","","","","","","","","","","","","","","","","","",""
"parmesan cheese","","","","","","","","","","","","","","","","","","",""
"mineral water","milk","pancakes","","","","","","","","","","","","","","","","",""
"grated cheese","ground beef","spaghetti","mineral water","pancakes","cake","","","","","","","","","","","","","",""
"cake","","","","","","","","","","","","","","","","","","",""
"turkey","eggs","chocolate","","","","","","","","","","","","","","","","",""
"grated cheese","french fries","","","","","","","","","","","","","","","","","",""
"shrimp","tomatoes","carrots","chocolate","low fat yogurt","","","","","","","","","","","","","","",""
"shrimp","mineral water","black tea","rice","cooking oil","chicken","chili","chocolate","","","","","","","","","","","",""
"mineral water","eggs","","","","","","","","","","","","","","","","","",""
"avocado","escalope","light mayo","","","","","","","","","","","","","","","","",""
"champagne","","","","","","","","","","","","","","","","","","",""
"mineral water","","","","","","","","","","","","","","","","","","",""
"pancakes","","","","","","","","","","","","","","","","","","",""
"french fries","","","","","","","","","","","","","","","","","","",""
"ham","frozen vegetables","tomatoes","spaghetti","chocolate","cake","","","","","","","","","","","","","",""
"muffins","french fries","escalope","gluten free bar","","","","","","","","","","","","","","","",""
"turkey","honey","cooking oil","","","","","","","","","","","","","","","","",""
"french fries","","","","","","","","","","","","","","","","","","",""
"pancakes","","","","","","","","","","","","","","","","","","",""
"mineral water","milk","chocolate","","","","","","","","","","","","","","","","",""
"ground beef","","","","","","","","","","","","","","","","","","",""
"escalope","","","","","","","","","","","","","","","","","","",""
"frozen vegetables","eggs","honey","hot dogs","light mayo","","","","","","","","","","","","","","",""
"low fat yogurt","","","","","","","","","","","","","","","","","","",""
"spaghetti","milk","frozen smoothie","green tea","","","","","","","","","","","","","","","",""
"fresh tuna","mineral water","pancakes","tea","chocolate","escalope","","","","","","","","","","","","","",""
"avocado","milk","","","","","","","","","","","","","","","","","",""
"ground beef","","","","","","","","","","","","","","","","","","",""
"herb & pepper","frozen vegetables","tomato sauce","mineral water","soup","milk","olive oil","almonds","","","","","","","","","","","",""
"french fries","frozen smoothie","","","","","","","","","","","","","","","","","",""
"muffins","cookies","","","","","","","","","","","","","","","","","",""
"pepper","olive oil","green tea","frozen smoothie","zucchini","","","","","","","","","","","","","","",""
"burgers","red wine","shrimp","mineral water","rice","french fries","strawberries","protein bar","tomato juice","cauliflower","","","","","","","","","",""
"frozen vegetables","tomatoes","mineral water","","","","","","","","","","","","","","","","",""
"grated cheese","shrimp","ground beef","mineral water","chocolate","salt","","","","","","","","","","","","","",""
"mineral water","eggs","cake","","","","","","","","","","","","","","","","",""
"grated cheese","ground beef","whole wheat rice","cake","","","","","","","","","","","","","","","",""
"olive oil","muffins","mint","","","","","","","","","","","","","","","","",""
"ham","tomatoes","ground beef","mineral water","salmon","","","","","","","","","","","","","","",""
"burgers","bacon","eggs","cookies","green tea","","","","","","","","","","","","","","",""
"salmon","cooking oil","carrots","","","","","","","","","","","","","","","","",""
"frozen vegetables","french wine","salmon","pancakes","gums","","","","","","","","","","","","","","",""
"french fries","","","","","","","","","","","","","","","","","","",""
"grated cheese","avocado","french fries","green tea","","","","","","","","","","","","","","","",""
"chocolate","french fries","","","","","","","","","","","","","","","","","",""
"shrimp","ground beef","pepper","spaghetti","pancakes","honey","body spray","","","","","","","","","","","","",""
"whole wheat pasta","hot dogs","","","","","","","","","","","","","","","","","",""
"vegetables mix","french fries","","","","","","","","","","","","","","","","","",""
"frozen vegetables","spaghetti","milk","salmon","cooking oil","carrots","cereals","protein bar","mint","","","","","","","","","","",""
"shrimp","frozen vegetables","mineral water","pancakes","cake","chocolate","hot dogs","","","","","","","","","","","","",""
"escalope","","","","","","","","","","","","","","","","","","",""
"low fat yogurt","","","","","","","","","","","","","","","","","","",""
"eggs","cooking oil","eggplant","","","","","","","","","","","","","","","","",""
"turkey","burgers","pancakes","french fries","strawberries","green tea","","","","","","","","","","","","","",""
"french fries","pancakes","gluten free bar","","","","","","","","","","","","","","","","",""
"sandwich","","","","","","","","","","","","","","","","","","",""
"eggs","cake","low fat yogurt","","","","","","","","","","","","","","","","",""
"ham","ground beef","spaghetti","olive oil","vegetables mix","muffins","","","","","","","","","","","","","",""
"turkey","eggs","honey","","","","","","","","","","","","","","","","",""
"mineral water","milk","","","","","","","","","","","","","","","","","",""
"ground beef","chocolate","escalope","","","","","","","","","","","","","","","","",""
"green beans","chocolate","","","","","","","","","","","","","","","","","",""
"avocado","whole wheat rice","","","","","","","","","","","","","","","","","",""
"cookies","","","","","","","","","","","","","","","","","","",""
"grated cheese","ground beef","pepper","spaghetti","cooking oil","chicken","corn","","","","","","","","","","","","",""
"turkey","fromage blanc","pancakes","honey","whole wheat rice","ketchup","french fries","tomato juice","","","","","","","","","","","",""
"shrimp","frozen vegetables","tomatoes","cottage cheese","","","","","","","","","","","","","","","",""
"spaghetti","","","","","","","","","","","","","","","","","","",""
"chocolate","champagne","","","","","","","","","","","","","","","","","",""
"pancakes","","","","","","","","","","","","","","","","","","",""
"ground beef","mineral water","honey","low fat yogurt","","","","","","","","","","","","","","","",""
"burgers","","","","","","","","","","","","","","","","","","",""
"cookies","","","","","","","","","","","","","","","","","","",""
"shrimp","chocolate","water spray","","","","","","","","","","","","","","","","",""
"butter","whole wheat rice","barbecue sauce","green tea","french fries","salt","","","","","","","","","","","","","",""
"mineral water","milk","cake","whole weat flour","french fries","","","","","","","","","","","","","","",""
"grated cheese","spaghetti","french fries","","","","","","","","","","","","","","","","",""
"mineral water","avocado","muffins","champagne","cookies","body spray","","","","","","","","","","","","","",""
"spaghetti","chicken","","","","","","","","","","","","","","","","","",""
"ham","spaghetti","chocolate","eggs","","","","","","","","","","","","","","","",""
"grated cheese","frozen vegetables","tomato sauce","mineral water","muffins","gluten free bar","light mayo","napkins","shampoo","","","","","","","","","","",""
"candy bars","","","","","","","","","","","","","","","","","","",""
"pasta","","","","","","","","","","","","","","","","","","",""
"eggs","whole wheat rice","cake","green tea","escalope","","","","","","","","","","","","","","",""
"ground beef","spaghetti","mineral water","almonds","eggs","cereals","green tea","","","","","","","","","","","","",""
"burgers","eggs","yogurt cake","","","","","","","","","","","","","","","","",""
"chocolate","","","","","","","","","","","","","","","","","","",""
"burgers","spaghetti","","","","","","","","","","","","","","","","","",""
"whole wheat pasta","mineral water","olive oil","energy bar","frozen smoothie","low fat yogurt","","","","","","","","","","","","","",""
"mineral water","meatballs","","","","","","","","","","","","","","","","","",""
"burgers","milk","eggs","french fries","","","","","","","","","","","","","","","",""
"spaghetti","strong cheese","","","","","","","","","","","","","","","","","",""
"herb & pepper","shrimp","chocolate","frozen smoothie","","","","","","","","","","","","","","","",""
"yogurt cake","","","","","","","","","","","","","","","","","","",""
"fresh tuna","spaghetti","french wine","cake","strawberries","","","","","","","","","","","","","","",""
"yams","mineral water","french fries","","","","","","","","","","","","","","","","",""
"escalope","","","","","","","","","","","","","","","","","","",""
"frozen vegetables","spaghetti","","","","","","","","","","","","","","","","","",""
"red wine","tomatoes","ground beef","spaghetti","mineral water","soup","pancakes","bug spray","burger sauce","oil","cooking oil","corn","green tea","escalope","low fat yogurt","","","","",""
"low fat yogurt","","","","","","","","","","","","","","","","","","",""
"cookies","","","","","","","","","","","","","","","","","","",""
"frozen vegetables","eggs","cake","","","","","","","","","","","","","","","","",""
"milk","","","","","","","","","","","","","","","","","","",""
"turkey","shrimp","frozen vegetables","mineral water","chocolate","olive oil","honey","","","","","","","","","","","","",""
"honey","","","","","","","","","","","","","","","","","","",""
"mineral water","avocado","cake","chocolate","french fries","cottage cheese","pancakes","fresh bread","magazines","","","","","","","","","","",""
"french fries","escalope","pasta","mushroom cream sauce","","","","","","","","","","","","","","","",""
"spaghetti","cider","whole wheat rice","cooking oil","escalope","","","","","","","","","","","","","","",""
"shrimp","ground beef","spaghetti","muffins","","","","","","","","","","","","","","","",""
"french fries","champagne","hot dogs","strawberries","","","","","","","","","","","","","","","",""
"olive oil","pancakes","toothpaste","","","","","","","","","","","","","","","","",""
"tomato sauce","mineral water","almonds","eggs","cake","chocolate","brownies","","","","","","","","","","","","",""
"pancakes","","","","","","","","","","","","","","","","","","",""
"grated cheese","spaghetti","eggs","","","","","","","","","","","","","","","","",""
"tomatoes","mineral water","honey","whole wheat rice","cooking oil","whole weat flour","frozen smoothie","low fat yogurt","","","","","","","","","","","",""
"muffins","gluten free bar","","","","","","","","","","","","","","","","","",""
"burgers","spaghetti","","","","","","","","","","","","","","","","","",""
"eggs","whole wheat rice","","","","","","","","","","","","","","","","","",""
"antioxydant juice","french fries","pancakes","light mayo","","","","","","","","","","","","","","","",""
"frozen vegetables","spaghetti","mineral water","soup","milk","salmon","green grapes","eggs","french fries","shallot","brownies","light mayo","melons","toothpaste","","","","","",""
"ham","spaghetti","mineral water","olive oil","eggs","cooking oil","french fries","green tea","","","","","","","","","","","",""
"spaghetti","flax seed","green tea","protein bar","","","","","","","","","","","","","","","",""
"burgers","almonds","cookies","","","","","","","","","","","","","","","","",""
"olive oil","cottage cheese","fresh bread","mint","","","","","","","","","","","","","","","",""
"escalope","","","","","","","","","","","","","","","","","","",""
"escalope","","","","","","","","","","","","","","","","","","",""
"french fries","","","","","","","","","","","","","","","","","","",""
"turkey","spaghetti","chocolate","eggs","cake","oil","","","","","","","","","","","","","",""
"red wine","ground beef","mineral water","salmon","eggs","pet food","","","","","","","","","","","","","",""
"burgers","ham","spaghetti","whole wheat rice","eggplant","chocolate","cookies","shallot","green tea","","","","","","","","","","",""
"frozen vegetables","eggs","","","","","","","","","","","","","","","","","",""
"red wine","salmon","","","","","","","","","","","","","","","","","",""
"mineral water","vegetables mix","eggs","cooking oil","","","","","","","","","","","","","","","",""
"eggs","whole wheat rice","","","","","","","","","","","","","","","","","",""
"red wine","yams","mineral water","soup","milk","cake","","","","","","","","","","","","","",""
"chocolate","french wine","honey","pancakes","light mayo","","","","","","","","","","","","","","",""
"shrimp","","","","","","","","","","","","","","","","","","",""
"turkey","parmesan cheese","","","","","","","","","","","","","","","","","",""
"extra dark chocolate","","","","","","","","","","","","","","","","","","",""
"green tea","","","","","","","","","","","","","","","","","","",""
"muffins","","","","","","","","","","","","","","","","","","",""
"brownies","","","","","","","","","","","","","","","","","","",""
"avocado","chocolate","french fries","","","","","","","","","","","","","","","","",""
"salmon","","","","","","","","","","","","","","","","","","",""
"fresh tuna","ground beef","pepper","mineral water","pancakes","eggs","whole wheat rice","cake","low fat yogurt","","","","","","","","","","",""
"ground beef","chocolate","salmon","hot dogs","","","","","","","","","","","","","","","",""
"ground beef","spaghetti","honey","extra dark chocolate","","","","","","","","","","","","","","","",""
"energy bar","energy drink","","","","","","","","","","","","","","","","","",""
"frozen vegetables","spaghetti","chocolate","escalope","fresh bread","","","","","","","","","","","","","","",""
"red wine","eggs","toothpaste","","","","","","","","","","","","","","","","",""
"frozen vegetables","ketchup","green tea","","","","","","","","","","","","","","","","",""
"frozen smoothie","","","","","","","","","","","","","","","","","","",""
"spaghetti","eggs","eggplant","","","","","","","","","","","","","","","","",""
"soup","","","","","","","","","","","","","","","","","","",""
"frozen vegetables","fromage blanc","pancakes","french fries","escalope","","","","","","","","","","","","","","",""
"milk","salmon","fresh bread","low fat yogurt","mint","","","","","","","","","","","","","","",""
"green tea","","","","","","","","","","","","","","","","","","",""
"burgers","grated cheese","","","","","","","","","","","","","","","","","",""
"turkey","fresh tuna","frozen vegetables","tomatoes","ground beef","spaghetti","mineral water","chocolate","soup","milk","olive oil","","","","","","","","",""
"cookies","energy drink","","","","","","","","","","","","","","","","","",""
"frozen vegetables","","","","","","","","","","","","","","","","","","",""
"shrimp","chocolate","flax seed","vegetables mix","cooking oil","babies food","low fat yogurt","","","","","","","","","","","","",""
"mineral water","body spray","low fat yogurt","","","","","","","","","","","","","","","","",""
"mineral water","","","","","","","","","","","","","","","","","","",""
"parmesan cheese","spaghetti","french fries","cookies","","","","","","","","","","","","","","","",""
"mineral water","pancakes","eggs","whole wheat rice","yogurt cake","green tea","","","","","","","","","","","","","",""
"chocolate","spaghetti","mineral water","soup","butter","eggs","low fat yogurt","","","","","","","","","","","","",""
"mineral water","","","","","","","","","","","","","","","","","","",""
"red wine","frozen vegetables","ground beef","spaghetti","milk","olive oil","chicken","eggs","extra dark chocolate","","","","","","","","","","",""
"grated cheese","herb & pepper","parmesan cheese","whole wheat pasta","ground beef","spaghetti","yams","milk","low fat yogurt","","","","","","","","","","",""
"salmon","","","","","","","","","","","","","","","","","","",""
"frozen vegetables","avocado","milk","pancakes","oil","frozen smoothie","","","","","","","","","","","","","",""
"green tea","","","","","","","","","","","","","","","","","","",""
"spaghetti","mineral water","chicken","","","","","","","","","","","","","","","","",""
"chocolate","grated cheese","frozen smoothie","cookies","brownies","","","","","","","","","","","","","","",""
"grated cheese","shrimp","tomatoes","spaghetti","mineral water","","","","","","","","","","","","","","",""
"turkey","","","","","","","","","","","","","","","","","","",""
"frozen vegetables","whole wheat pasta","ground beef","mineral water","milk","chicken","eggs","chocolate","french fries","","","","","","","","","","",""
"muffins","","","","","","","","","","","","","","","","","","",""
"eggs","chocolate","","","","","","","","","","","","","","","","","",""
"milk","butter","eggs","whole wheat rice","","","","","","","","","","","","","","","",""
"cake","carrots","cookies","","","","","","","","","","","","","","","","",""
"mineral water","eggs","bug spray","","","","","","","","","","","","","","","","",""
"frozen vegetables","ground beef","mineral water","soup","milk","salmon","pancakes","","","","","","","","","","","","",""
"mushroom cream sauce","sandwich","","","","","","","","","","","","","","","","","",""
"low fat yogurt","","","","","","","","","","","","","","","","","","",""
"burgers","french fries","yogurt cake","","","","","","","","","","","","","","","","",""
"grated cheese","spaghetti","eggs","eggplant","pancakes","","","","","","","","","","","","","","",""
"pancakes","","","","","","","","","","","","","","","","","","",""
"chocolate","spaghetti","escalope","cookies","sandwich","pancakes","low fat yogurt","mint","","","","","","","","","","","",""
"cake","hot dogs","","","","","","","","","","","","","","","","","",""
"burgers","ham","grated cheese","mineral water","chocolate","olive oil","salmon","green grapes","honey","whole wheat rice","cake","green tea","","","","","","","",""
"yams","carrots","","","","","","","","","","","","","","","","","",""
"chocolate","french fries","","","","","","","","","","","","","","","","","",""
"grated cheese","tomatoes","spaghetti","mineral water","milk","ketchup","carrots","french fries","protein bar","","","","","","","","","","",""
"mineral water","cake","gums","chicken","french fries","hot dogs","energy drink","","","","","","","","","","","","",""
"milk","low fat yogurt","","","","","","","","","","","","","","","","","",""
"shrimp","spaghetti","mineral water","light cream","","","","","","","","","","","","","","","",""
"mineral water","olive oil","","","","","","","","","","","","","","","","","",""
"escalope","pasta","mushroom cream sauce","","","","","","","","","","","","","","","","",""
"turkey","mineral water","","","","","","","","","","","","","","","","","",""
"olive oil","","","","","","","","","","","","","","","","","","",""
"fresh tuna","ground beef","pepper","tomato sauce","chicken","soda","mint","","","","","","","","","","","","",""
"shrimp","mineral water","almonds","eggs","cake","blueberries","green tea","chocolate","french fries","escalope","cookies","mashed potato","brownies","pancakes","","","","","",""
"grated cheese","cereals","","","","","","","","","","","","","","","","","",""
"whole wheat pasta","milk","olive oil","","","","","","","","","","","","","","","","",""
"herb & pepper","frozen vegetables","ground beef","spaghetti","soup","eggs","tea","chocolate","tomato juice","zucchini","","","","","","","","","",""
"french fries","","","","","","","","","","","","","","","","","","",""
"mineral water","olive oil","","","","","","","","","","","","","","","","","",""
"whole wheat pasta","chocolate","pancakes","french fries","mushroom cream sauce","","","","","","","","","","","","","","",""
"herb & pepper","spaghetti","mineral water","whole wheat rice","cake","hot dogs","green tea","","","","","","","","","","","","",""
"spaghetti","mineral water","spinach","eggs","rice","mint green tea","french fries","frozen smoothie","escalope","body spray","melons","","","","","","","","",""
"champagne","","","","","","","","","","","","","","","","","","",""
"burgers","ham","chocolate","ground beef","spaghetti","mineral water","bug spray","hot dogs","","","","","","","","","","","",""
"oil","cookies","","","","","","","","","","","","","","","","","",""
"burgers","eggs","green tea","","","","","","","","","","","","","","","","",""
"eggs","","","","","","","","","","","","","","","","","","",""
"herb & pepper","red wine","spaghetti","almonds","","","","","","","","","","","","","","","",""
"herb & pepper","ground beef","escalope","pancakes","green tea","","","","","","","","","","","","","","",""
"grated cheese","pepper","spaghetti","escalope","","","","","","","","","","","","","","","",""
"burgers","ground beef","mineral water","cake","french fries","protein bar","","","","","","","","","","","","","",""
"grated cheese","tomatoes","pepper","spaghetti","mineral water","avocado","milk","","","","","","","","","","","","",""
"tomatoes","cake","","","","","","","","","","","","","","","","","",""
"fresh tuna","frozen vegetables","honey","cake","brownies","energy drink","","","","","","","","","","","","","",""
"burgers","mineral water","chocolate","chicken","carrots","frozen smoothie","cottage cheese","","","","","","","","","","","","",""
"burgers","shrimp","whole wheat pasta","spaghetti","french wine","eggs","chocolate","","","","","","","","","","","","",""
"french fries","green tea","","","","","","","","","","","","","","","","","",""
"oil","","","","","","","","","","","","","","","","","","",""
"grated cheese","shrimp","french fries","cookies","pancakes","tomato juice","","","","","","","","","","","","","",""
"mineral water","cookies","","","","","","","","","","","","","","","","","",""
"yogurt cake","","","","","","","","","","","","","","","","","","",""
"mineral water","","","","","","","","","","","","","","","","","","",""
"spaghetti","mineral water","chocolate","honey","green beans","french fries","body spray","pancakes","","","","","","","","","","","",""
"turkey","mineral water","milk","salmon","green tea","chocolate","escalope","","","","","","","","","","","","",""
"french fries","pancakes","","","","","","","","","","","","","","","","","",""
"ketchup","","","","","","","","","","","","","","","","","","",""
"chocolate","herb & pepper","ground beef","spaghetti","mineral water","olive oil","rice","french fries","","","","","","","","","","","",""
"spaghetti","","","","","","","","","","","","","","","","","","",""
"energy bar","cake","cottage cheese","gluten free bar","","","","","","","","","","","","","","","",""
"burgers","eggs","french fries","","","","","","","","","","","","","","","","",""
"french fries","","","","","","","","","","","","","","","","","","",""
"chocolate","cookies","","","","","","","","","","","","","","","","","",""
"ground beef","pepper","spaghetti","cookies","","","","","","","","","","","","","","","",""
"mineral water","milk","cake","brownies","","","","","","","","","","","","","","","",""
"mineral water","milk","olive oil","chicken","","","","","","","","","","","","","","","",""
"milk","cooking oil","","","","","","","","","","","","","","","","","",""
"ground beef","spaghetti","mineral water","eggs","chicken","cereals","french fries","protein bar","","","","","","","","","","","",""
"grated cheese","","","","","","","","","","","","","","","","","","",""
"french fries","","","","","","","","","","","","","","","","","","",""
"tomatoes","mineral water","cake","brownies","body spray","energy drink","green tea","","","","","","","","","","","","",""
"vegetables mix","antioxydant juice","french fries","","","","","","","","","","","","","","","","",""
"tomatoes","whole wheat pasta","spaghetti","chocolate","milk","french fries","pancakes","mayonnaise","","","","","","","","","","","",""
"spaghetti","","","","","","","","","","","","","","","","","","",""
"tomatoes","french fries","cookies","","","","","","","","","","","","","","","","",""
"honey","chocolate","french fries","brownies","","","","","","","","","","","","","","","",""
"milk","hand protein bar","","","","","","","","","","","","","","","","","",""
"chocolate","champagne","","","","","","","","","","","","","","","","","",""
"eggs","escalope","low fat yogurt","","","","","","","","","","","","","","","","",""
"meatballs","","","","","","","","","","","","","","","","","","",""
"energy drink","","","","","","","","","","","","","","","","","","",""
"burgers","","","","","","","","","","","","","","","","","","",""
"ground beef","chicken","cereals","","","","","","","","","","","","","","","","",""
"burgers","frozen vegetables","ground beef","pepper","spaghetti","mineral water","honey","strawberries","","","","","","","","","","","",""
"escalope","honey","","","","","","","","","","","","","","","","","",""
"energy bar","vegetables mix","energy drink","light mayo","","","","","","","","","","","","","","","",""
"pickles","turkey","parmesan cheese","pepper","spaghetti","mineral water","meatballs","milk","olive oil","french wine","salmon","frozen smoothie","fresh bread","","","","","","",""
"frozen vegetables","tomatoes","spaghetti","mineral water","fresh bread","white wine","zucchini","","","","","","","","","","","","",""
"mineral water","milk","cider","chocolate","french fries","","","","","","","","","","","","","","",""
"fresh bread","","","","","","","","","","","","","","","","","","",""
"spaghetti","vegetables mix","eggs","chocolate","escalope","mushroom cream sauce","","","","","","","","","","","","","",""
"chocolate","ground beef","spaghetti","eggs","cookies","mushroom cream sauce","","","","","","","","","","","","","",""
"herb & pepper","","","","","","","","","","","","","","","","","","",""
"shrimp","frozen vegetables","mineral water","milk","","","","","","","","","","","","","","","",""
"frozen vegetables","tomatoes","spaghetti","soup","energy bar","cake","french fries","brownies","","","","","","","","","","","",""
"candy bars","","","","","","","","","","","","","","","","","","",""
"herb & pepper","mint","","","","","","","","","","","","","","","","","",""
"burgers","mineral water","milk","cake","chocolate","french fries","escalope","cookies","babies food","zucchini","","","","","","","","","",""
"ground beef","","","","","","","","","","","","","","","","","","",""
"eggs","mashed potato","","","","","","","","","","","","","","","","","",""
"cake","escalope","pasta","mushroom cream sauce","","","","","","","","","","","","","","","",""
"tomato sauce","spaghetti","olive oil","mushroom cream sauce","green tea","","","","","","","","","","","","","","",""
"burgers","grated cheese","champagne","","","","","","","","","","","","","","","","",""
"spaghetti","","","","","","","","","","","","","","","","","","",""
"burgers","eggs","","","","","","","","","","","","","","","","","",""
"frozen smoothie","","","","","","","","","","","","","","","","","","",""
"milk","","","","","","","","","","","","","","","","","","",""
"eggs","cooking oil","chocolate","mashed potato","mushroom cream sauce","cottage cheese","brownies","pancakes","","","","","","","","","","","",""
"frozen vegetables","avocado","whole weat flour","frozen smoothie","","","","","","","","","","","","","","","",""
"mineral water","meatballs","olive oil","muffins","whole wheat rice","yogurt cake","light mayo","salt","","","","","","","","","","","",""
"mineral water","milk","vegetables mix","chicken","green tea","chocolate","frozen smoothie","escalope","hot dogs","","","","","","","","","","",""
"green tea","french fries","brownies","","","","","","","","","","","","","","","","",""
"mineral water","whole wheat rice","frozen smoothie","","","","","","","","","","","","","","","","",""
"burgers","pickles","gums","french fries","","","","","","","","","","","","","","","",""
"chocolate","chili","","","","","","","","","","","","","","","","","",""
"burgers","","","","","","","","","","","","","","","","","","",""
"herb & pepper","ground beef","spaghetti","mineral water","milk","olive oil","chicken","cereals","fresh bread","","","","","","","","","","",""
"burgers","grated cheese","spaghetti","nonfat milk","eggs","gums","chocolate","tomato juice","low fat yogurt","","","","","","","","","","",""
"pancakes","eggs","salt","tomato juice","","","","","","","","","","","","","","","",""
"spaghetti","mineral water","olive oil","green tea","zucchini","","","","","","","","","","","","","","",""
"ham","frozen vegetables","spaghetti","light mayo","","","","","","","","","","","","","","","",""
"muffins","honey","toothpaste","","","","","","","","","","","","","","","","",""
"muffins","","","","","","","","","","","","","","","","","","",""
"low fat yogurt","","","","","","","","","","","","","","","","","","",""
"chicken","green tea","","","","","","","","","","","","","","","","","",""
"parmesan cheese","spaghetti","green grapes","","","","","","","","","","","","","","","","",""
"herb & pepper","frozen vegetables","mineral water","muffins","cereals","","","","","","","","","","","","","","",""
"turkey","ground beef","escalope","green tea","","","","","","","","","","","","","","","",""
"turkey","eggs","french fries","asparagus","low fat yogurt","zucchini","","","","","","","","","","","","","",""
"turkey","tomatoes","spaghetti","mineral water","salmon","","","","","","","","","","","","","","",""
"eggs","mushroom cream sauce","low fat yogurt","","","","","","","","","","","","","","","","",""
"grated cheese","tomatoes","spaghetti","chocolate","rice","cooking oil","french fries","brownies","green tea","","","","","","","","","","",""
"cookies","","","","","","","","","","","","","","","","","","",""
"butter","chocolate","strawberries","magazines","green tea","","","","","","","","","","","","","","",""
"mineral water","chocolate","milk","vegetables mix","eggs","soda","cooking oil","carrots","frozen smoothie","escalope","","","","","","","","","",""
"dessert wine","shrimp","spaghetti","soup","gums","","","","","","","","","","","","","","",""
"burgers","spaghetti","yams","escalope","mushroom cream sauce","","","","","","","","","","","","","","",""
"herb & pepper","ground beef","pepper","tomato sauce","mineral water","chutney","eggs","oil","oatmeal","chocolate","brownies","","","","","","","","",""
"cake","frozen smoothie","","","","","","","","","","","","","","","","","",""
"frozen vegetables","green grapes","","","","","","","","","","","","","","","","","",""
"spaghetti","","","","","","","","","","","","","","","","","","",""
"chocolate","frozen vegetables","whole wheat rice","carrots","french fries","cookies","","","","","","","","","","","","","",""
"cake","","","","","","","","","","","","","","","","","","",""
"cookies","","","","","","","","","","","","","","","","","","",""
"french fries","hot dogs","energy drink","light mayo","","","","","","","","","","","","","","","",""
"french fries","","","","","","","","","","","","","","","","","","",""
"shrimp","tomatoes","ground beef","butter","green tea","toothpaste","","","","","","","","","","","","","",""
"french fries","","","","","","","","","","","","","","","","","","",""
"whole wheat pasta","olive oil","body spray","","","","","","","","","","","","","","","","",""
"shrimp","gums","","","","","","","","","","","","","","","","","",""
"escalope","mushroom cream sauce","","","","","","","","","","","","","","","","","",""
"french fries","mayonnaise","","","","","","","","","","","","","","","","","",""
"eggs","low fat yogurt","","","","","","","","","","","","","","","","","",""
"turkey","spaghetti","","","","","","","","","","","","","","","","","",""
"turkey","shrimp","tomatoes","meatballs","energy bar","vegetables mix","whole wheat rice","carrots","green tea","","","","","","","","","","",""
"frozen vegetables","eggs","eggplant","yogurt cake","fresh bread","","","","","","","","","","","","","","",""
"red wine","pancakes","","","","","","","","","","","","","","","","","",""
"burgers","ground beef","escalope","","","","","","","","","","","","","","","","",""
"turkey","frozen vegetables","tomatoes","avocado","energy bar","pancakes","light cream","cooking oil","pet food","oatmeal","","","","","","","","","",""
"fresh tuna","parmesan cheese","cider","muffins","spinach","honey","oil","","","","","","","","","","","","",""
"meatballs","green tea","","","","","","","","","","","","","","","","","",""
"herb & pepper","ground beef","salmon","whole wheat rice","champagne","","","","","","","","","","","","","","",""
"hot dogs","pancakes","","","","","","","","","","","","","","","","","",""
"burgers","eggs","","","","","","","","","","","","","","","","","",""
"grated cheese","frozen vegetables","whole wheat pasta","mineral water","milk","honey","oil","","","","","","","","","","","","",""
"cookies","","","","","","","","","","","","","","","","","","",""
"frozen vegetables","milk","eggs","","","","","","","","","","","","","","","","",""
"milk","chocolate","champagne","frozen smoothie","light mayo","low fat yogurt","","","","","","","","","","","","","",""
"grated cheese","spaghetti","","","","","","","","","","","","","","","","","",""
"escalope","pasta","mushroom cream sauce","green tea","","","","","","","","","","","","","","","",""
"tomatoes","vegetables mix","french fries","green tea","","","","","","","","","","","","","","","",""
"frozen vegetables","tomatoes","milk","salmon","","","","","","","","","","","","","","","",""
"cookies","","","","","","","","","","","","","","","","","","",""
"low fat yogurt","","","","","","","","","","","","","","","","","","",""
"french fries","","","","","","","","","","","","","","","","","","",""
"milk","green tea","","","","","","","","","","","","","","","","","",""
"frozen vegetables","whole wheat pasta","ground beef","mineral water","chocolate","milk","olive oil","almonds","french wine","yogurt cake","fresh bread","","","","","","","","",""
"shrimp","frozen vegetables","spaghetti","mineral water","milk","strong cheese","","","","","","","","","","","","","",""
"grated cheese","","","","","","","","","","","","","","","","","","",""
"meatballs","green tea","","","","","","","","","","","","","","","","","",""
"muffins","blueberries","pet food","green tea","toothpaste","","","","","","","","","","","","","","",""
"soup","french fries","body spray","","","","","","","","","","","","","","","","",""
"chocolate","","","","","","","","","","","","","","","","","","",""
"escalope","","","","","","","","","","","","","","","","","","",""
"escalope","low fat yogurt","","","","","","","","","","","","","","","","","",""
"turkey","burgers","mineral water","strawberries","","","","","","","","","","","","","","","",""
"frozen vegetables","chicken","bacon","eggs","honey","extra dark chocolate","eggplant","cottage cheese","","","","","","","","","","","",""
"herb & pepper","mineral water","cake","light cream","carrots","","","","","","","","","","","","","","",""
"shrimp","pasta","","","","","","","","","","","","","","","","","",""
"grated cheese","shrimp","pasta","tomatoes","milk","frozen smoothie","sandwich","","","","","","","","","","","","",""
"eggs","","","","","","","","","","","","","","","","","","",""
"chocolate","french fries","","","","","","","","","","","","","","","","","",""
"escalope","","","","","","","","","","","","","","","","","","",""
"ground beef","spaghetti","yogurt cake","","","","","","","","","","","","","","","","",""
"antioxydant juice","chocolate","","","","","","","","","","","","","","","","","",""
"shrimp","mineral water","milk","honey","chicken","french fries","fresh bread","green tea","","","","","","","","","","","",""
"grated cheese","herb & pepper","spaghetti","olive oil","brownies","strawberries","","","","","","","","","","","","","",""
"french fries","strawberries","","","","","","","","","","","","","","","","","",""
"eggs","french fries","brownies","strawberries","","","","","","","","","","","","","","","",""
"turkey","burgers","fresh tuna","frozen vegetables","eggs","cake","pancakes","fresh bread","","","","","","","","","","","",""
"cereals","cookies","yogurt cake","tomato juice","fresh bread","green tea","","","","","","","","","","","","","",""
"spaghetti","hot dogs","","","","","","","","","","","","","","","","","",""
"mineral water","whole wheat rice","rice","cooking oil","chocolate","fresh bread","low fat yogurt","","","","","","","","","","","","",""
"vegetables mix","nonfat milk","pancakes","","","","","","","","","","","","","","","","",""
"chocolate","zucchini","","","","","","","","","","","","","","","","","",""
"oil","frozen smoothie","white wine","","","","","","","","","","","","","","","","",""
"chocolate","tomatoes","mineral water","avocado","cooking oil","french fries","cookies","pasta","low fat yogurt","","","","","","","","","","",""
"burgers","eggs","escalope","","","","","","","","","","","","","","","","",""
"shrimp","parmesan cheese","soup","chocolate","brownies","","","","","","","","","","","","","","",""
"milk","green tea","","","","","","","","","","","","","","","","","",""
"chocolate","escalope","","","","","","","","","","","","","","","","","",""
"mineral water","eggs","chocolate","","","","","","","","","","","","","","","","",""
"mineral water","frozen smoothie","","","","","","","","","","","","","","","","","",""
"chocolate","rice","eggplant","hand protein bar","zucchini","","","","","","","","","","","","","","",""
"strawberries","pancakes","yogurt cake","","","","","","","","","","","","","","","","",""
"yams","mint","","","","","","","","","","","","","","","","","",""
"frozen vegetables","whole wheat rice","","","","","","","","","","","","","","","","","",""
"mineral water","","","","","","","","","","","","","","","","","","",""
"french fries","","","","","","","","","","","","","","","","","","",""
"escalope","","","","","","","","","","","","","","","","","","",""
"avocado","champagne","frozen smoothie","sparkling water","green tea","","","","","","","","","","","","","","",""
"frozen vegetables","mineral water","meatballs","whole wheat rice","chocolate","","","","","","","","","","","","","","",""
"butter","tomato juice","magazines","low fat yogurt","","","","","","","","","","","","","","","",""
"chocolate","spaghetti","mineral water","milk","salmon","green tea","escalope","mushroom cream sauce","","","","","","","","","","","",""
"avocado","eggs","brownies","","","","","","","","","","","","","","","","",""
"salmon","","","","","","","","","","","","","","","","","","",""
"escalope","pasta","mushroom cream sauce","","","","","","","","","","","","","","","","",""
"pancakes","hot dogs","sparkling water","fresh bread","","","","","","","","","","","","","","","",""
"grated cheese","mineral water","cake","chocolate bread","","","","","","","","","","","","","","","",""
"chocolate","pepper","spaghetti","mineral water","nonfat milk","whole wheat rice","french fries","champagne","","","","","","","","","","","",""
"parmesan cheese","cake","hot dogs","green tea","","","","","","","","","","","","","","","",""
"cookies","","","","","","","","","","","","","","","","","","",""
"grated cheese","","","","","","","","","","","","","","","","","","",""
"cookies","","","","","","","","","","","","","","","","","","",""
"grated cheese","frozen vegetables","milk","salmon","eggs","cooking oil","corn","","","","","","","","","","","","",""
"pancakes","","","","","","","","","","","","","","","","","","",""
"shrimp","pepper","milk","almonds","eggs","escalope","green tea","","","","","","","","","","","","",""
"ham","eggs","honey","gums","light cream","ham","","","","","","","","","","","","","",""
"eggs","escalope","","","","","","","","","","","","","","","","","",""
"tomatoes","","","","","","","","","","","","","","","","","","",""
"burgers","ground beef","salmon","vegetables mix","eggs","chocolate","","","","","","","","","","","","","",""
"brownies","low fat yogurt","","","","","","","","","","","","","","","","","",""
"spaghetti","meatballs","vegetables mix","muffins","cake","","","","","","","","","","","","","","",""
"cookies","","","","","","","","","","","","","","","","","","",""
"burgers","chocolate","frozen vegetables","ground beef","mineral water","milk","light mayo","asparagus","","","","","","","","","","","",""
"fresh tuna","butter","","","","","","","","","","","","","","","","","",""
"escalope","","","","","","","","","","","","","","","","","","",""
"cookies","","","","","","","","","","","","","","","","","","",""
"spaghetti","olive oil","","","","","","","","","","","","","","","","","",""
"whole wheat pasta","mineral water","french wine","fromage blanc","pancakes","eggs","honey","cooking oil","chicken","brownies","","","","","","","","","",""
"spaghetti","pancakes","","","","","","","","","","","","","","","","","",""
"turkey","mineral water","eggs","low fat yogurt","","","","","","","","","","","","","","","",""
"spaghetti","mineral water","eggs","cooking oil","chocolate","escalope","","","","","","","","","","","","","",""
"spaghetti","","","","","","","","","","","","","","","","","","",""
"ground beef","spaghetti","salmon","","","","","","","","","","","","","","","","",""
"frozen vegetables","spaghetti","brownies","fresh bread","","","","","","","","","","","","","","","",""
"chocolate","","","","","","","","","","","","","","","","","","",""
"mineral water","frozen smoothie","","","","","","","","","","","","","","","","","",""
"melons","candy bars","","","","","","","","","","","","","","","","","",""
"tomatoes","chocolate","","","","","","","","","","","","","","","","","",""
"frozen vegetables","spaghetti","mineral water","whole wheat rice","cooking oil","chocolate bread","whole weat flour","brownies","","","","","","","","","","","",""
"chocolate","whole wheat pasta","salmon","green tea","magazines","","","","","","","","","","","","","","",""
"mineral water","chocolate","chicken","","","","","","","","","","","","","","","","",""
"hot dogs","","","","","","","","","","","","","","","","","","",""
"shrimp","spinach","","","","","","","","","","","","","","","","","",""
"pickles","herb & pepper","frozen vegetables","cider","eggs","brownies","pancakes","yogurt cake","green tea","","","","","","","","","","",""
"cereals","salad","","","","","","","","","","","","","","","","","",""
"french fries","","","","","","","","","","","","","","","","","","",""
"chocolate","fresh bread","honey","","","","","","","","","","","","","","","","",""
"fresh tuna","frozen vegetables","spaghetti","mineral water","honey","whole wheat rice","frozen smoothie","escalope","","","","","","","","","","","",""
"champagne","fresh bread","","","","","","","","","","","","","","","","","",""
"burgers","mineral water","cake","hot dogs","cauliflower","","","","","","","","","","","","","","",""
"green grapes","chocolate","","","","","","","","","","","","","","","","","",""
"mineral water","eggs","oil","protein bar","green tea","","","","","","","","","","","","","","",""
"spaghetti","chocolate","frozen smoothie","hot dogs","pancakes","","","","","","","","","","","","","","",""
"escalope","","","","","","","","","","","","","","","","","","",""
"fresh tuna","eggs","escalope","strawberries","","","","","","","","","","","","","","","",""
"melons","","","","","","","","","","","","","","","","","","",""
"eggs","","","","","","","","","","","","","","","","","","",""
"french fries","","","","","","","","","","","","","","","","","","",""
"clothes accessories","protein bar","tomato juice","fresh bread","low fat yogurt","mint","","","","","","","","","","","","","",""
"pasta","","","","","","","","","","","","","","","","","","",""
"shrimp","milk","cake","bug spray","cooking oil","cereals","energy drink","salt","","","","","","","","","","","",""
"frozen vegetables","spaghetti","","","","","","","","","","","","","","","","","",""
"olive oil","hot dogs","","","","","","","","","","","","","","","","","",""
"ground beef","tomato sauce","mineral water","soup","salmon","green grapes","whole weat flour","frozen smoothie","","","","","","","","","","","",""
"ground beef","mineral water","french fries","protein bar","hand protein bar","salt","candy bars","","","","","","","","","","","","",""
"red wine","mineral water","green tea","","","","","","","","","","","","","","","","",""
"cake","cookies","pancakes","low fat yogurt","","","","","","","","","","","","","","","",""
"cake","oatmeal","","","","","","","","","","","","","","","","","",""
"whole wheat pasta","yams","milk","eggs","champagne","","","","","","","","","","","","","","",""
"ground beef","yams","chocolate","olive oil","eggs","","","","","","","","","","","","","","",""
"cookies","","","","","","","","","","","","","","","","","","",""
"eggs","tea","","","","","","","","","","","","","","","","","",""
"turkey","escalope","","","","","","","","","","","","","","","","","",""
"turkey","tomatoes","pepper","strong cheese","whole wheat rice","french fries","frozen smoothie","hot dogs","pancakes","babies food","green tea","","","","","","","","",""
"burgers","mineral water","whole wheat rice","","","","","","","","","","","","","","","","",""
"honey","","","","","","","","","","","","","","","","","","",""
"energy bar","nonfat milk","bug spray","chicken","","","","","","","","","","","","","","","",""
"fresh tuna","spaghetti","mineral water","salmon","","","","","","","","","","","","","","","",""
"butter","","","","","","","","","","","","","","","","","","",""
"ground beef","cookies","","","","","","","","","","","","","","","","","",""
"chocolate","red wine","tomatoes","spaghetti","butter","almonds","strong cheese","clothes accessories","green tea","hand protein bar","mint","","","","","","","","",""
"frozen vegetables","mineral water","","","","","","","","","","","","","","","","","",""
"whole wheat pasta","honey","","","","","","","","","","","","","","","","","",""
"shrimp","frozen vegetables","mineral water","vegetables mix","eggs","whole wheat rice","","","","","","","","","","","","","",""
"chocolate","","","","","","","","","","","","","","","","","","",""
"mineral water","energy bar","salmon","cooking oil","shallot","low fat yogurt","","","","","","","","","","","","","",""
"ham","spaghetti","mineral water","olive oil","","","","","","","","","","","","","","","",""
"escalope","","","","","","","","","","","","","","","","","","",""
"tomatoes","spaghetti","mineral water","","","","","","","","","","","","","","","","",""
"avocado","black tea","whole wheat rice","cake","french fries","cottage cheese","tomato juice","green tea","","","","","","","","","","","",""
"eggs","champagne","","","","","","","","","","","","","","","","","",""
"fromage blanc","chocolate","french fries","","","","","","","","","","","","","","","","",""
"candy bars","","","","","","","","","","","","","","","","","","",""
"shrimp","butter","chicken","salmon","","","","","","","","","","","","","","","",""
"french fries","","","","","","","","","","","","","","","","","","",""
"eggs","french fries","cookies","","","","","","","","","","","","","","","","",""
"grated cheese","ground beef","spaghetti","chicken","extra dark chocolate","cereals","hot dogs","brownies","green tea","","","","","","","","","","",""
"shrimp","whole wheat pasta","spaghetti","mineral water","avocado","olive oil","chicken","chocolate","","","","","","","","","","","",""
"herb & pepper","ground beef","yams","mineral water","eggs","cake","oil","chocolate","french fries","cookies","","","","","","","","","",""
"grated cheese","chocolate","french wine","chicken","","","","","","","","","","","","","","","",""
"turkey","","","","","","","","","","","","","","","","","","",""
"mineral water","","","","","","","","","","","","","","","","","","",""
"turkey","mineral water","eggs","green tea","hot dogs","cauliflower","","","","","","","","","","","","","",""
"pancakes","","","","","","","","","","","","","","","","","","",""
"french wine","eggs","chicken","light mayo","","","","","","","","","","","","","","","",""
"shrimp","tomatoes","spaghetti","flax seed","salmon","cake","brownies","","","","","","","","","","","","",""
"fresh tuna","mineral water","honey","low fat yogurt","","","","","","","","","","","","","","","",""
"shrimp","frozen vegetables","milk","butter","cake","","","","","","","","","","","","","","",""
"energy bar","brownies","","","","","","","","","","","","","","","","","",""
"tomatoes","chocolate","eggs","pancakes","","","","","","","","","","","","","","","",""
"grated cheese","whole wheat pasta","mineral water","avocado","olive oil","frozen smoothie","light mayo","","","","","","","","","","","","",""
"mineral water","cake","light cream","bug spray","burger sauce","","","","","","","","","","","","","","",""
"chicken","eggs","","","","","","","","","","","","","","","","","",""
"frozen smoothie","","","","","","","","","","","","","","","","","","",""
"chocolate","cookies","","","","","","","","","","","","","","","","","",""
"french fries","","","","","","","","","","","","","","","","","","",""
"tomatoes","spaghetti","soup","milk","olive oil","chicken","green beans","frozen smoothie","","","","","","","","","","","",""
"cookies","","","","","","","","","","","","","","","","","","",""
"grated cheese","herb & pepper","mineral water","soup","eggs","cake","","","","","","","","","","","","","",""
"frozen vegetables","meatballs","whole wheat rice","light cream","","","","","","","","","","","","","","","",""
"champagne","","","","","","","","","","","","","","","","","","",""
"red wine","eggs","","","","","","","","","","","","","","","","","",""
"frozen vegetables","tomatoes","ground beef","chocolate","soup","strawberries","pancakes","","","","","","","","","","","","",""
"turkey","honey","cooking oil","green tea","","","","","","","","","","","","","","","",""
"burgers","herb & pepper","mineral water","cake","","","","","","","","","","","","","","","",""
"shrimp","pepper","chili","","","","","","","","","","","","","","","","",""
"butter","chocolate","","","","","","","","","","","","","","","","","",""
"butter","cake","green tea","mushroom cream sauce","mint","","","","","","","","","","","","","","",""
"grated cheese","mineral water","rice","frozen smoothie","","","","","","","","","","","","","","","",""
"whole wheat rice","","","","","","","","","","","","","","","","","","",""
"antioxydant juice","","","","","","","","","","","","","","","","","","",""
"spinach","","","","","","","","","","","","","","","","","","",""
"eggs","","","","","","","","","","","","","","","","","","",""
"cookies","energy drink","","","","","","","","","","","","","","","","","",""
"chocolate","","","","","","","","","","","","","","","","","","",""
"frozen vegetables","whole wheat pasta","mineral water","honey","cooking oil","frozen smoothie","tomato juice","fresh bread","green tea","","","","","","","","","","",""
"ground beef","milk","frozen smoothie","","","","","","","","","","","","","","","","",""
"herb & pepper","chocolate","champagne","yogurt cake","green tea","","","","","","","","","","","","","","",""
"herb & pepper","","","","","","","","","","","","","","","","","","",""
"champagne","","","","","","","","","","","","","","","","","","",""
"yogurt cake","","","","","","","","","","","","","","","","","","",""
"herb & pepper","shrimp","mineral water","","","","","","","","","","","","","","","","",""
"burgers","french fries","cookies","strawberries","","","","","","","","","","","","","","","",""
"burgers","mineral water","cookies","","","","","","","","","","","","","","","","",""
"frozen vegetables","tomatoes","parmesan cheese","mineral water","","","","","","","","","","","","","","","",""
"french fries","cookies","low fat yogurt","","","","","","","","","","","","","","","","",""
"burgers","fresh tuna","spaghetti","mineral water","soup","chicken","fromage blanc","spinach","cake","","","","","","","","","","",""
"mineral water","butter","pancakes","french fries","frozen smoothie","white wine","low fat yogurt","","","","","","","","","","","","",""
"spaghetti","chocolate","soup","salmon","whole wheat rice","tomato juice","","","","","","","","","","","","","",""
"mineral water","olive oil","","","","","","","","","","","","","","","","","",""
"frozen vegetables","ground beef","spaghetti","mineral water","milk","black tea","pancakes","eggs","cooking oil","barbecue sauce","chocolate","","","","","","","","",""
"dessert wine","burgers","cake","frozen smoothie","toothpaste","","","","","","","","","","","","","","",""
"burgers","","","","","","","","","","","","","","","","","","",""
"shrimp","mineral water","mint","","","","","","","","","","","","","","","","",""
"chocolate","escalope","","","","","","","","","","","","","","","","","",""
"herb & pepper","eggs","clothes accessories","french fries","","","","","","","","","","","","","","","",""
"chocolate","frozen vegetables","ground beef","spaghetti","energy bar","green tea","escalope","pasta","","","","","","","","","","","",""
"grated cheese","chutney","eggs","","","","","","","","","","","","","","","","",""
"shrimp","mineral water","black tea","almonds","chicken","eggplant","","","","","","","","","","","","","",""
"soup","avocado","milk","honey","cottage cheese","green tea","","","","","","","","","","","","","",""
"mineral water","milk","","","","","","","","","","","","","","","","","",""
"burgers","dessert wine","strong cheese","french fries","","","","","","","","","","","","","","","",""
"dessert wine","ground beef","pepper","butter","chicken","french fries","zucchini","","","","","","","","","","","","",""
"hand protein bar","","","","","","","","","","","","","","","","","","",""
"burgers","shrimp","tomatoes","mineral water","avocado","pancakes","whole wheat rice","cooking oil","yogurt cake","","","","","","","","","","",""
"grated cheese","shrimp","frozen vegetables","parmesan cheese","ground beef","chicken","antioxydant juice","chocolate","frozen smoothie","escalope","","","","","","","","","",""
"burgers","eggs","green tea","","","","","","","","","","","","","","","","",""
"cookies","","","","","","","","","","","","","","","","","","",""
"burgers","","","","","","","","","","","","","","","","","","",""
"burgers","escalope","shallot","","","","","","","","","","","","","","","","",""
"chocolate","shrimp","mineral water","milk","barbecue sauce","cereals","french fries","low fat yogurt","","","","","","","","","","","",""
"shrimp","green tea","","","","","","","","","","","","","","","","","",""
"ham","milk","chicken","whole wheat rice","ham","eggplant","","","","","","","","","","","","","",""
"mineral water","milk","salmon","","","","","","","","","","","","","","","","",""
"frozen vegetables","parmesan cheese","spaghetti","escalope","sparkling water","","","","","","","","","","","","","","",""
"magazines","","","","","","","","","","","","","","","","","","",""
"pancakes","","","","","","","","","","","","","","","","","","",""
"cookies","","","","","","","","","","","","","","","","","","",""
"french fries","escalope","green tea","","","","","","","","","","","","","","","","",""
"chocolate","","","","","","","","","","","","","","","","","","",""
"mineral water","","","","","","","","","","","","","","","","","","",""
"french fries","magazines","mayonnaise","","","","","","","","","","","","","","","","",""
"grated cheese","salmon","","","","","","","","","","","","","","","","","",""
"mushroom cream sauce","","","","","","","","","","","","","","","","","","",""
"ground beef","spaghetti","olive oil","cookies","pasta","green tea","","","","","","","","","","","","","",""
"mineral water","brownies","fresh bread","","","","","","","","","","","","","","","","",""
"pickles","melons","","","","","","","","","","","","","","","","","",""
"burgers","eggs","pancakes","","","","","","","","","","","","","","","","",""
"ground beef","mineral water","chocolate","magazines","","","","","","","","","","","","","","","",""
"energy bar","chocolate","champagne","","","","","","","","","","","","","","","","",""
"cookies","low fat yogurt","","","","","","","","","","","","","","","","","",""
"mineral water","cereals","","","","","","","","","","","","","","","","","",""
"frozen vegetables","mineral water","energy bar","french fries","hot dogs","energy drink","low fat yogurt","","","","","","","","","","","","",""
"green tea","","","","","","","","","","","","","","","","","","",""
"tomatoes","eggs","antioxydant juice","french fries","brownies","gluten free bar","fresh bread","","","","","","","","","","","","",""
"burgers","milk","cream","","","","","","","","","","","","","","","","",""
"babies food","fresh bread","","","","","","","","","","","","","","","","","",""
"mineral water","energy bar","cake","french fries","","","","","","","","","","","","","","","",""
"vegetables mix","muffins","whole wheat rice","","","","","","","","","","","","","","","","",""
"frozen vegetables","whole wheat pasta","spaghetti","chocolate","soup","butter","french wine","pancakes","eggs","","","","","","","","","","",""
"ground beef","spaghetti","pancakes","chicken","mint green tea","chocolate","french fries","escalope","mushroom cream sauce","brownies","yogurt cake","","","","","","","","",""
"burgers","","","","","","","","","","","","","","","","","","",""
"herb & pepper","mineral water","eggs","cake","cereals","brownies","pancakes","tomato juice","low fat yogurt","green tea","","","","","","","","","",""
"pancakes","eggs","french fries","","","","","","","","","","","","","","","","",""
"cookies","","","","","","","","","","","","","","","","","","",""
"tomatoes","ground beef","spaghetti","mineral water","milk","","","","","","","","","","","","","","",""
"ground beef","pancakes","","","","","","","","","","","","","","","","","",""
"red wine","spaghetti","salmon","vegetables mix","cereals","frozen smoothie","","","","","","","","","","","","","",""
"turkey","burgers","frozen vegetables","ground beef","mineral water","cake","","","","","","","","","","","","","",""
"burgers","mineral water","green grapes","barbecue sauce","oatmeal","chocolate","tomato juice","","","","","","","","","","","","",""
"oil","french fries","champagne","cookies","hot dogs","light mayo","tomato juice","green tea","","","","","","","","","","","",""
"turkey","burgers","french wine","french fries","green tea","","","","","","","","","","","","","","",""
"chocolate","asparagus","","","","","","","","","","","","","","","","","",""
"mineral water","soup","avocado","green tea","","","","","","","","","","","","","","","",""
"shrimp","eggs","chocolate","mushroom cream sauce","low fat yogurt","","","","","","","","","","","","","","",""
"grated cheese","ground beef","mineral water","carrots","green tea","","","","","","","","","","","","","","",""
"clothes accessories","french fries","frozen smoothie","escalope","","","","","","","","","","","","","","","",""
"energy drink","","","","","","","","","","","","","","","","","","",""
"tomatoes","mineral water","salmon","chocolate","","","","","","","","","","","","","","","",""
"burgers","yams","mineral water","avocado","energy bar","salmon","pancakes","whole wheat rice","cake","cooking oil","barbecue sauce","green tea","french fries","escalope","","","","","",""
"turkey","ham","mineral water","chocolate","milk","chicken","eggs","cake","","","","","","","","","","","",""
"muffins","","","","","","","","","","","","","","","","","","",""
"burgers","escalope","shallot","","","","","","","","","","","","","","","","",""
"cooking oil","french fries","","","","","","","","","","","","","","","","","",""
"turkey","","","","","","","","","","","","","","","","","","",""
"turkey","burgers","frozen vegetables","ground beef","mineral water","milk","eggs","cake","light mayo","","","","","","","","","","",""
"burgers","mineral water","soup","cereals","","","","","","","","","","","","","","","",""
"energy bar","champagne","","","","","","","","","","","","","","","","","",""
"chocolate","","","","","","","","","","","","","","","","","","",""
"cake","cookies","cottage cheese","toothpaste","","","","","","","","","","","","","","","",""
"chocolate","milk","chicken","strong cheese","cooking oil","green beans","french fries","light mayo","tomato juice","white wine","","","","","","","","","",""
"honey","champagne","cottage cheese","","","","","","","","","","","","","","","","",""
"shrimp","frozen vegetables","","","","","","","","","","","","","","","","","",""
"strawberries","fresh bread","white wine","","","","","","","","","","","","","","","","",""
"mineral water","corn","","","","","","","","","","","","","","","","","",""
"shrimp","spaghetti","soup","whole wheat rice","tomato juice","","","","","","","","","","","","","","",""
"mineral water","salmon","","","","","","","","","","","","","","","","","",""
"frozen vegetables","tomatoes","french fries","champagne","","","","","","","","","","","","","","","",""
"eggs","whole wheat rice","","","","","","","","","","","","","","","","","",""
"mineral water","","","","","","","","","","","","","","","","","","",""
"mineral water","","","","","","","","","","","","","","","","","","",""
"tomatoes","mineral water","","","","","","","","","","","","","","","","","",""
"shrimp","tomatoes","","","","","","","","","","","","","","","","","",""
"tomato juice","","","","","","","","","","","","","","","","","","",""
"cereals","cookies","","","","","","","","","","","","","","","","","",""
"chocolate","salmon","pancakes","gluten free bar","green tea","","","","","","","","","","","","","","",""
"grated cheese","","","","","","","","","","","","","","","","","","",""
"ham","milk","","","","","","","","","","","","","","","","","",""
"cookies","","","","","","","","","","","","","","","","","","",""
"mint green tea","cottage cheese","","","","","","","","","","","","","","","","","",""
"mineral water","honey","frozen smoothie","cottage cheese","body spray","","","","","","","","","","","","","","",""
"grated cheese","herb & pepper","ground beef","","","","","","","","","","","","","","","","",""
"frozen vegetables","ground beef","soup","milk","tea","low fat yogurt","","","","","","","","","","","","","",""
"burgers","eggs","barbecue sauce","french fries","","","","","","","","","","","","","","","",""
"turkey","spaghetti","mineral water","cider","chicken","french fries","escalope","mayonnaise","","","","","","","","","","","",""
"yogurt cake","","","","","","","","","","","","","","","","","","",""
"grated cheese","salmon","cake","champagne","","","","","","","","","","","","","","","",""
"turkey","grated cheese","frozen vegetables","tomatoes","spaghetti","olive oil","energy bar","honey","","","","","","","","","","","",""
"red wine","mineral water","milk","bug spray","green beans","french fries","magazines","","","","","","","","","","","","",""
"mineral water","salmon","yogurt cake","","","","","","","","","","","","","","","","",""
"frozen vegetables","whole wheat pasta","spaghetti","mineral water","milk","olive oil","salmon","green tea","chocolate","french fries","hot dogs","cottage cheese","energy drink","","","","","","",""
"whole wheat pasta","energy bar","","","","","","","","","","","","","","","","","",""
"chili","green beans","pancakes","","","","","","","","","","","","","","","","",""
"red wine","extra dark chocolate","whole weat flour","","","","","","","","","","","","","","","","",""
"frozen vegetables","tomatoes","vegetables mix","hand protein bar","","","","","","","","","","","","","","","",""
"turkey","mineral water","chocolate","","","","","","","","","","","","","","","","",""
"fresh tuna","mineral water","french wine","cereals","","","","","","","","","","","","","","","",""
"cake","","","","","","","","","","","","","","","","","","",""
"eggs","","","","","","","","","","","","","","","","","","",""
"red wine","","","","","","","","","","","","","","","","","","",""
"brownies","","","","","","","","","","","","","","","","","","",""
"turkey","burgers","dessert wine","ground beef","soup","salmon","eggs","gums","tomato juice","candy bars","","","","","","","","","",""
"mineral water","energy drink","","","","","","","","","","","","","","","","","",""
"turkey","yams","black tea","french fries","","","","","","","","","","","","","","","",""
"vegetables mix","french fries","","","","","","","","","","","","","","","","","",""
"whole wheat pasta","","","","","","","","","","","","","","","","","","",""
"fresh tuna","","","","","","","","","","","","","","","","","","",""
"chocolate","champagne","","","","","","","","","","","","","","","","","",""
"ground beef","mineral water","cottage cheese","magazines","","","","","","","","","","","","","","","",""
"fromage blanc","","","","","","","","","","","","","","","","","","",""
"red wine","ground beef","spaghetti","mineral water","milk","olive oil","strong cheese","light cream","cooking oil","","","","","","","","","","",""
"milk","eggs","mint green tea","french fries","cookies","brownies","","","","","","","","","","","","","",""
"chocolate","french fries","mushroom cream sauce","cottage cheese","low fat yogurt","","","","","","","","","","","","","","",""
"flax seed","green tea","","","","","","","","","","","","","","","","","",""
"eggs","","","","","","","","","","","","","","","","","","",""
"burgers","spaghetti","","","","","","","","","","","","","","","","","",""
"burgers","chocolate","french wine","pancakes","","","","","","","","","","","","","","","",""
"eggs","pasta","","","","","","","","","","","","","","","","","",""
"burgers","spaghetti","milk","olive oil","chicken","french fries","tomato juice","magazines","","","","","","","","","","","",""
"chocolate","herb & pepper","spaghetti","mineral water","butter","salmon","rice","burger sauce","extra dark chocolate","protein bar","asparagus","mayonnaise","","","","","","","",""
"muffins","","","","","","","","","","","","","","","","","","",""
"tomatoes","eggs","","","","","","","","","","","","","","","","","",""
"mineral water","vegetables mix","eggs","cake","chicken","french fries","","","","","","","","","","","","","",""
"turkey","spinach","french fries","","","","","","","","","","","","","","","","",""
"yams","avocado","bacon","oil","french fries","brownies","pancakes","zucchini","green tea","","","","","","","","","","",""
"gums","","","","","","","","","","","","","","","","","","",""
"ground beef","mineral water","flax seed","salmon","eggs","honey","","","","","","","","","","","","","",""
"shrimp","frozen vegetables","tomatoes","spaghetti","","","","","","","","","","","","","","","",""
"green tea","champagne","escalope","","","","","","","","","","","","","","","","",""
"ground beef","spaghetti","mineral water","eggs","cake","chocolate","french fries","brownies","body spray","","","","","","","","","","",""
"frozen vegetables","whole wheat pasta","milk","french fries","mushroom cream sauce","","","","","","","","","","","","","","",""
"spaghetti","mineral water","chocolate","milk","energy bar","almonds","cereals","mint","","","","","","","","","","","",""
"frozen vegetables","strong cheese","chocolate","","","","","","","","","","","","","","","","",""
"french fries","","","","","","","","","","","","","","","","","","",""
"burgers","tomatoes","oil","cereals","chocolate","french fries","escalope","champagne","","","","","","","","","","","",""
"chocolate","tomatoes","salmon","","","","","","","","","","","","","","","","",""
"cookies","","","","","","","","","","","","","","","","","","",""
"cookies","","","","","","","","","","","","","","","","","","",""
"burgers","cake","","","","","","","","","","","","","","","","","",""
"mineral water","","","","","","","","","","","","","","","","","","",""
"eggs","french fries","","","","","","","","","","","","","","","","","",""
"shrimp","milk","butter","cake","chocolate bread","green tea","","","","","","","","","","","","","",""
"turkey","burgers","fresh tuna","spaghetti","pancakes","eggs","cake","cottage cheese","energy drink","gluten free bar","","","","","","","","","",""
"spaghetti","","","","","","","","","","","","","","","","","","",""
"ground beef","spaghetti","cider","cooking oil","cookies","","","","","","","","","","","","","","",""
"turkey","spaghetti","eggs","honey","french fries","champagne","pancakes","protein bar","","","","","","","","","","","",""
"ground beef","spaghetti","mineral water","meatballs","vegetables mix","","","","","","","","","","","","","","",""
"green tea","frozen smoothie","","","","","","","","","","","","","","","","","",""
"burgers","grated cheese","frozen vegetables","spaghetti","milk","escalope","mushroom cream sauce","white wine","","","","","","","","","","","",""
"energy bar","french fries","","","","","","","","","","","","","","","","","",""
"pancakes","mint","","","","","","","","","","","","","","","","","",""
"turkey","burgers","whole wheat pasta","mineral water","milk","whole wheat rice","cake","cooking oil","frozen smoothie","brownies","fresh bread","honey","","","","","","","",""
"herb & pepper","spaghetti","mineral water","pancakes","cooking oil","carrots","chocolate","escalope","low fat yogurt","","","","","","","","","","",""
"turkey","tomatoes","spaghetti","mineral water","chocolate","milk","frozen smoothie","green tea","","","","","","","","","","","",""
"burgers","grated cheese","french wine","eggs","carrots","salt","","","","","","","","","","","","","",""
"pepper","mineral water","","","","","","","","","","","","","","","","","",""
"frozen vegetables","spaghetti","salmon","honey","cake","chicken","french fries","green tea","","","","","","","","","","","",""
"spaghetti","","","","","","","","","","","","","","","","","","",""
"spaghetti","mineral water","milk","eggs","low fat yogurt","","","","","","","","","","","","","","",""
"frozen vegetables","ground beef","spaghetti","pancakes","honey","whole wheat rice","green beans","french fries","frozen smoothie","mashed potato","","","","","","","","","",""
"turkey","tomatoes","low fat yogurt","","","","","","","","","","","","","","","","",""
"turkey","shrimp","green beans","green tea","","","","","","","","","","","","","","","",""
"mineral water","cooking oil","","","","","","","","","","","","","","","","","",""
"shrimp","mineral water","gums","","","","","","","","","","","","","","","","",""
"burgers","milk","eggs","","","","","","","","","","","","","","","","",""
"frozen vegetables","tomatoes","ground beef","mineral water","milk","energy bar","pancakes","honey","whole weat flour","french fries","","","","","","","","","",""
"eggs","","","","","","","","","","","","","","","","","","",""
"chocolate","","","","","","","","","","","","","","","","","","",""
"burgers","spaghetti","energy bar","eggs","mushroom cream sauce","yogurt cake","green tea","","","","","","","","","","","","",""
"cookies","low fat yogurt","","","","","","","","","","","","","","","","","",""
"burgers","tomatoes","ground beef","escalope","","","","","","","","","","","","","","","",""
"chocolate","cider","vegetables mix","pancakes","","","","","","","","","","","","","","","",""
"cookies","","","","","","","","","","","","","","","","","","",""
"chocolate","ground beef","spaghetti","mineral water","salmon","pancakes","whole wheat rice","green beans","","","","","","","","","","","",""
"hot dogs","shampoo","","","","","","","","","","","","","","","","","",""
"cookies","","","","","","","","","","","","","","","","","","",""
"eggs","","","","","","","","","","","","","","","","","","",""
"low fat yogurt","","","","","","","","","","","","","","","","","","",""
"grated cheese","spaghetti","olive oil","eggs","french fries","green tea","","","","","","","","","","","","","",""
"turkey","mineral water","pancakes","eggs","light cream","barbecue sauce","cereals","cottage cheese","","","","","","","","","","","",""
"frozen vegetables","whole wheat pasta","ground beef","spaghetti","milk","chicken","eggs","french fries","green tea","","","","","","","","","","",""
"cooking oil","","","","","","","","","","","","","","","","","","",""
"cookies","","","","","","","","","","","","","","","","","","",""
"cake","","","","","","","","","","","","","","","","","","",""
"mineral water","cookies","","","","","","","","","","","","","","","","","",""
"mineral water","chocolate","french fries","cookies","","","","","","","","","","","","","","","",""
"whole wheat rice","chocolate bread","antioxydant juice","","","","","","","","","","","","","","","","",""
"frozen smoothie","","","","","","","","","","","","","","","","","","",""
"olive oil","","","","","","","","","","","","","","","","","","",""
"fresh tuna","turkey","herb & pepper","spaghetti","mineral water","mint","","","","","","","","","","","","","",""
"frozen vegetables","tomatoes","ground beef","spaghetti","mineral water","chocolate","","","","","","","","","","","","","",""
"shrimp","ground beef","eggs","","","","","","","","","","","","","","","","",""
"hot dogs","","","","","","","","","","","","","","","","","","",""
"green tea","","","","","","","","","","","","","","","","","","",""
"ground beef","","","","","","","","","","","","","","","","","","",""
"frozen smoothie","hot dogs","","","","","","","","","","","","","","","","","",""
"energy bar","pancakes","champagne","","","","","","","","","","","","","","","","",""
